[Mã BMBAU50 giảm 10% đơn 99K] Pin sạc BESTON 1.2V AA AAA, Sạc pin chính hãng BESTON (BẢO HÀNH 1 NĂM),Đã bán 10,1k
1 tờ - Giấy lọc tròn đường kính 110mm (lọc nhanh),Đã bán 2k
[Mã LIFE1404ALL50K giảm 10% đơn 200K] 100gr (1 lạng) gói chống ẩm (gói hút ẩm) loại 1g/2g/5g/10g,Đã bán 9,7k
Hạt hút ẩm xanh 100g tặng kèm túi vải,Đã bán 13,6k
Thẻ nhớ 128Gb/64Gb/32Gb/16Gb JVJ Pro U3 Class 10–chuyên cho CAMERA,Điện thoại,Máy ảnh,Đã bán 25,6k
Thẻ nhớ cũ 1gb,2gb,4gb,8gb,16gb ...chính hãng bóc máy!Thẻ được test kỹ, chuẩn dung lượng,Đã bán 21,7k
(SIÊU RẺ) in ảnh 6*9 giá 1k/ tấm (IN 10 TẶNG 1),Đã bán 3,7k
Dây cáp đồng trục liền nguồn SINO có bọc bạc chống nhiễu, sợi bạc khử sóng từ chuyên dụng cho Camera,Đã bán 9,5k
Thẻ nhớ MicroSDHC 64GB 32GB SanDisk Ultra Class 10 667x 100MB/s,Đã bán 17,1k
[Khoen đồng] Chân đế camera WIFI, Dome,Đã bán 1,3k
[ Giá sỉ ] 500gr Gói hút ẩm - hạt hút ẩm đầy đủ các loại,Đã bán 6,6k
Thẻ ghi hình lưu trữ đám mây dành cho các dòng camera yoosee hỗ trợ lưu trữ đám mây VÀ CÁC LOẠI THẺ NHỚ 16/32/64GB,Đã bán 2,7k
Phụ kiện đồng giá 10k cho camera hành động GoPro, Sjcam, Yi Action, Osmo Action,Đã bán 2k
Pin sạc BESTON AA AAA, Sạc pin chính hãng BESTON, BẢO HÀNH 1 NĂM | Mic không dây, máy ảnh, điều khiển ( Pin 1.2V ),Đã bán 12,2k
Kính Lọc Kenko UV - Kenko Filter UV,Đã bán 3,3k
